Copyright 1986-2018 Xilinx, Inc. All Rights Reserved.
--------------------------------------------------------------------------------------------------------------------------------------------------------------------------------
| Tool Version : Vivado v.2018.3 (win64) Build 2405991 Thu Dec  6 23:38:27 MST 2018
| Date         : Fri Dec  5 16:18:57 2025
| Host         : WALID running 64-bit major release  (build 9200)
| Command      : report_timing_summary -max_paths 10 -file Top_timing_summary_routed.rpt -pb Top_timing_summary_routed.pb -rpx Top_timing_summary_routed.rpx -warn_on_violation
| Design       : Top
| Device       : 7a35t-cpg236
| Speed File   : -1  PRODUCTION 1.23 2018-06-13
--------------------------------------------------------------------------------------------------------------------------------------------------------------------------------

Timing Summary Report

------------------------------------------------------------------------------------------------
| Timer Settings
| --------------
------------------------------------------------------------------------------------------------

  Enable Multi Corner Analysis               :  Yes
  Enable Pessimism Removal                   :  Yes
  Pessimism Removal Resolution               :  Nearest Common Node
  Enable Input Delay Default Clock           :  No
  Enable Preset / Clear Arcs                 :  No
  Disable Flight Delays                      :  No
  Ignore I/O Paths                           :  No
  Timing Early Launch at Borrowing Latches   :  false

  Corner  Analyze    Analyze    
  Name    Max Paths  Min Paths  
  ------  ---------  ---------  
  Slow    Yes        Yes        
  Fast    Yes        Yes        



check_timing report

Table of Contents
-----------------
1. checking no_clock
2. checking constant_clock
3. checking pulse_width_clock
4. checking unconstrained_internal_endpoints
5. checking no_input_delay
6. checking no_output_delay
7. checking multiple_clock
8. checking generated_clocks
9. checking loops
10. checking partial_input_delay
11. checking partial_output_delay
12. checking latch_loops

1. checking no_clock
--------------------
 There are 22 register/latch pins with no clock driven by root clock pin: Diviseur/clk_sortie_reg/Q (HIGH)

 There are 15 register/latch pins with no clock driven by root clock pin: Moving_colors/mondiv/clk_temp_reg/Q (HIGH)


2. checking constant_clock
--------------------------
 There are 0 register/latch pins with constant_clock.


3. checking pulse_width_clock
-----------------------------
 There are 0 register/latch pins which need pulse_width check


4. checking unconstrained_internal_endpoints
--------------------------------------------
 There are 99 pins that are not constrained for maximum delay. (HIGH)

 There are 0 pins that are not constrained for maximum delay due to constant clock.


5. checking no_input_delay
--------------------------
 There is 1 input port with no input delay specified. (HIGH)

 There are 0 input ports with no input delay but user has a false path constraint.


6. checking no_output_delay
---------------------------
 There are 14 ports with no output delay specified. (HIGH)

 There are 0 ports with no output delay but user has a false path constraint

 There are 0 ports with no output delay but with a timing clock defined on it or propagating through it


7. checking multiple_clock
--------------------------
 There are 0 register/latch pins with multiple clocks.


8. checking generated_clocks
----------------------------
 There are 0 generated clocks that are not connected to a clock source.


9. checking loops
-----------------
 There are 0 combinational loops in the design.


10. checking partial_input_delay
--------------------------------
 There are 0 input ports with partial input delay specified.


11. checking partial_output_delay
---------------------------------
 There are 0 ports with partial output delay specified.


12. checking latch_loops
------------------------
 There are 0 combinational latch loops in the design through latch input



------------------------------------------------------------------------------------------------
| Design Timing Summary
| ---------------------
------------------------------------------------------------------------------------------------

    WNS(ns)      TNS(ns)  TNS Failing Endpoints  TNS Total Endpoints      WHS(ns)      THS(ns)  THS Failing Endpoints  THS Total Endpoints     WPWS(ns)     TPWS(ns)  TPWS Failing Endpoints  TPWS Total Endpoints  
    -------      -------  ---------------------  -------------------      -------      -------  ---------------------  -------------------     --------     --------  ----------------------  --------------------  
      6.561        0.000                      0                   28        0.228        0.000                      0                   28        4.500        0.000                       0                    29  


All user specified timing constraints are met.


------------------------------------------------------------------------------------------------
| Clock Summary
| -------------
------------------------------------------------------------------------------------------------

Clock        Waveform(ns)       Period(ns)      Frequency(MHz)
-----        ------------       ----------      --------------
sys_clk_pin  {0.000 5.000}      10.000          100.000         


------------------------------------------------------------------------------------------------
| Intra Clock Table
| -----------------
------------------------------------------------------------------------------------------------

Clock             WNS(ns)      TNS(ns)  TNS Failing Endpoints  TNS Total Endpoints      WHS(ns)      THS(ns)  THS Failing Endpoints  THS Total Endpoints     WPWS(ns)     TPWS(ns)  TPWS Failing Endpoints  TPWS Total Endpoints  
-----             -------      -------  ---------------------  -------------------      -------      -------  ---------------------  -------------------     --------     --------  ----------------------  --------------------  
sys_clk_pin         6.561        0.000                      0                   28        0.228        0.000                      0                   28        4.500        0.000                       0                    29  


------------------------------------------------------------------------------------------------
| Inter Clock Table
| -----------------
------------------------------------------------------------------------------------------------

From Clock    To Clock          WNS(ns)      TNS(ns)  TNS Failing Endpoints  TNS Total Endpoints      WHS(ns)      THS(ns)  THS Failing Endpoints  THS Total Endpoints  
----------    --------          -------      -------  ---------------------  -------------------      -------      -------  ---------------------  -------------------  


------------------------------------------------------------------------------------------------
| Other Path Groups Table
| -----------------------
------------------------------------------------------------------------------------------------

Path Group    From Clock    To Clock          WNS(ns)      TNS(ns)  TNS Failing Endpoints  TNS Total Endpoints      WHS(ns)      THS(ns)  THS Failing Endpoints  THS Total Endpoints  
----------    ----------    --------          -------      -------  ---------------------  -------------------      -------      -------  ---------------------  -------------------  


------------------------------------------------------------------------------------------------
| Timing Details
| --------------
------------------------------------------------------------------------------------------------


---------------------------------------------------------------------------------------------------
From Clock:  sys_clk_pin
  To Clock:  sys_clk_pin

Setup :            0  Failing Endpoints,  Worst Slack        6.561ns,  Total Violation        0.000ns
Hold  :            0  Failing Endpoints,  Worst Slack        0.228ns,  Total Violation        0.000ns
PW    :            0  Failing Endpoints,  Worst Slack        4.500ns,  Total Violation        0.000ns
---------------------------------------------------------------------------------------------------


Max Delay Paths
--------------------------------------------------------------------------------------
Slack (MET) :             6.561ns  (required time - arrival time)
  Source:                 Moving_colors/mondiv/counter_reg[1]/C
                            (rising edge-triggered cell FDCE clocked by sys_clk_pin  {rise@0.000ns fall@5.000ns period=10.000ns})
  Destination:            Moving_colors/mondiv/counter_reg[16]/D
                            (rising edge-triggered cell FDCE clocked by sys_clk_pin  {rise@0.000ns fall@5.000ns period=10.000ns})
  Path Group:             sys_clk_pin
  Path Type:              Setup (Max at Slow Process Corner)
  Requirement:            10.000ns  (sys_clk_pin rise@10.000ns - sys_clk_pin rise@0.000ns)
  Data Path Delay:        3.413ns  (logic 1.949ns (57.104%)  route 1.464ns (42.896%))
  Logic Levels:           5  (CARRY4=4 LUT6=1)
  Clock Path Skew:        -0.022ns (DCD - SCD + CPR)
    Destination Clock Delay (DCD):    4.852ns = ( 14.852 - 10.000 ) 
    Source Clock Delay      (SCD):    5.147ns
    Clock Pessimism Removal (CPR):    0.273ns
  Clock Uncertainty:      0.035ns  ((TSJ^2 + TIJ^2)^1/2 + DJ) / 2 + PE
    Total System Jitter     (TSJ):    0.071ns
    Total Input Jitter      (TIJ):    0.000ns
    Discrete Jitter          (DJ):    0.000ns
    Phase Error              (PE):    0.000ns

    Location             Delay type                Incr(ns)  Path(ns)    Netlist Resource(s)
  -------------------------------------------------------------------    -------------------
                         (clock sys_clk_pin rise edge)
                                                      0.000     0.000 r  
    W5                                                0.000     0.000 r  Clk100 (IN)
                         net (fo=0)                   0.000     0.000    Clk100
    W5                   IBUF (Prop_ibuf_I_O)         1.458     1.458 r  Clk100_IBUF_inst/O
                         net (fo=1, routed)           1.967     3.425    Clk100_IBUF
    BUFGCTRL_X0Y0        BUFG (Prop_bufg_I_O)         0.096     3.521 r  Clk100_IBUF_BUFG_inst/O
                         net (fo=28, routed)          1.626     5.147    Moving_colors/mondiv/counter_reg[21]_0
    SLICE_X7Y32          FDCE                                         r  Moving_colors/mondiv/counter_reg[1]/C
  -------------------------------------------------------------------    -------------------
    SLICE_X7Y32          FDCE (Prop_fdce_C_Q)         0.456     5.603 r  Moving_colors/mondiv/counter_reg[1]/Q
                         net (fo=2, routed)           0.605     6.209    Moving_colors/mondiv/counter[1]
    SLICE_X6Y31          CARRY4 (Prop_carry4_S[0]_CO[3])
                                                      0.637     6.846 r  Moving_colors/mondiv/counter0_carry/CO[3]
                         net (fo=1, routed)           0.000     6.846    Moving_colors/mondiv/counter0_carry_n_0
    SLICE_X6Y32          CARRY4 (Prop_carry4_CI_CO[3])
                                                      0.117     6.963 r  Moving_colors/mondiv/counter0_carry__0/CO[3]
                         net (fo=1, routed)           0.000     6.963    Moving_colors/mondiv/counter0_carry__0_n_0
    SLICE_X6Y33          CARRY4 (Prop_carry4_CI_CO[3])
                                                      0.117     7.080 r  Moving_colors/mondiv/counter0_carry__1/CO[3]
                         net (fo=1, routed)           0.000     7.080    Moving_colors/mondiv/counter0_carry__1_n_0
    SLICE_X6Y34          CARRY4 (Prop_carry4_CI_O[3])
                                                      0.315     7.395 r  Moving_colors/mondiv/counter0_carry__2/O[3]
                         net (fo=1, routed)           0.859     8.253    Moving_colors/mondiv/data0[16]
    SLICE_X7Y34          LUT6 (Prop_lut6_I5_O)        0.307     8.560 r  Moving_colors/mondiv/counter[16]_i_1/O
                         net (fo=1, routed)           0.000     8.560    Moving_colors/mondiv/counter_0[16]
    SLICE_X7Y34          FDCE                                         r  Moving_colors/mondiv/counter_reg[16]/D
  -------------------------------------------------------------------    -------------------

                         (clock sys_clk_pin rise edge)
                                                     10.000    10.000 r  
    W5                                                0.000    10.000 r  Clk100 (IN)
                         net (fo=0)                   0.000    10.000    Clk100
    W5                   IBUF (Prop_ibuf_I_O)         1.388    11.388 r  Clk100_IBUF_inst/O
                         net (fo=1, routed)           1.862    13.250    Clk100_IBUF
    BUFGCTRL_X0Y0        BUFG (Prop_bufg_I_O)         0.091    13.341 r  Clk100_IBUF_BUFG_inst/O
                         net (fo=28, routed)          1.511    14.852    Moving_colors/mondiv/counter_reg[21]_0
    SLICE_X7Y34          FDCE                                         r  Moving_colors/mondiv/counter_reg[16]/C
                         clock pessimism              0.273    15.125    
                         clock uncertainty           -0.035    15.090    
    SLICE_X7Y34          FDCE (Setup_fdce_C_D)        0.031    15.121    Moving_colors/mondiv/counter_reg[16]
  -------------------------------------------------------------------
                         required time                         15.121    
                         arrival time                          -8.560    
  -------------------------------------------------------------------
                         slack                                  6.561    

Slack (MET) :             6.608ns  (required time - arrival time)
  Source:                 Moving_colors/mondiv/counter_reg[1]/C
                            (rising edge-triggered cell FDCE clocked by sys_clk_pin  {rise@0.000ns fall@5.000ns period=10.000ns})
  Destination:            Moving_colors/mondiv/counter_reg[17]/D
                            (rising edge-triggered cell FDCE clocked by sys_clk_pin  {rise@0.000ns fall@5.000ns period=10.000ns})
  Path Group:             sys_clk_pin
  Path Type:              Setup (Max at Slow Process Corner)
  Requirement:            10.000ns  (sys_clk_pin rise@10.000ns - sys_clk_pin rise@0.000ns)
  Data Path Delay:        3.365ns  (logic 1.958ns (58.187%)  route 1.407ns (41.813%))
  Logic Levels:           6  (CARRY4=5 LUT6=1)
  Clock Path Skew:        -0.021ns (DCD - SCD + CPR)
    Destination Clock Delay (DCD):    4.853ns = ( 14.853 - 10.000 ) 
    Source Clock Delay      (SCD):    5.147ns
    Clock Pessimism Removal (CPR):    0.273ns
  Clock Uncertainty:      0.035ns  ((TSJ^2 + TIJ^2)^1/2 + DJ) / 2 + PE
    Total System Jitter     (TSJ):    0.071ns
    Total Input Jitter      (TIJ):    0.000ns
    Discrete Jitter          (DJ):    0.000ns
    Phase Error              (PE):    0.000ns

    Location             Delay type                Incr(ns)  Path(ns)    Netlist Resource(s)
  -------------------------------------------------------------------    -------------------
                         (clock sys_clk_pin rise edge)
                                                      0.000     0.000 r  
    W5                                                0.000     0.000 r  Clk100 (IN)
                         net (fo=0)                   0.000     0.000    Clk100
    W5                   IBUF (Prop_ibuf_I_O)         1.458     1.458 r  Clk100_IBUF_inst/O
                         net (fo=1, routed)           1.967     3.425    Clk100_IBUF
    BUFGCTRL_X0Y0        BUFG (Prop_bufg_I_O)         0.096     3.521 r  Clk100_IBUF_BUFG_inst/O
                         net (fo=28, routed)          1.626     5.147    Moving_colors/mondiv/counter_reg[21]_0
    SLICE_X7Y32          FDCE                                         r  Moving_colors/mondiv/counter_reg[1]/C
  -------------------------------------------------------------------    -------------------
    SLICE_X7Y32          FDCE (Prop_fdce_C_Q)         0.456     5.603 r  Moving_colors/mondiv/counter_reg[1]/Q
                         net (fo=2, routed)           0.605     6.209    Moving_colors/mondiv/counter[1]
    SLICE_X6Y31          CARRY4 (Prop_carry4_S[0]_CO[3])
                                                      0.637     6.846 r  Moving_colors/mondiv/counter0_carry/CO[3]
                         net (fo=1, routed)           0.000     6.846    Moving_colors/mondiv/counter0_carry_n_0
    SLICE_X6Y32          CARRY4 (Prop_carry4_CI_CO[3])
                                                      0.117     6.963 r  Moving_colors/mondiv/counter0_carry__0/CO[3]
                         net (fo=1, routed)           0.000     6.963    Moving_colors/mondiv/counter0_carry__0_n_0
    SLICE_X6Y33          CARRY4 (Prop_carry4_CI_CO[3])
                                                      0.117     7.080 r  Moving_colors/mondiv/counter0_carry__1/CO[3]
                         net (fo=1, routed)           0.000     7.080    Moving_colors/mondiv/counter0_carry__1_n_0
    SLICE_X6Y34          CARRY4 (Prop_carry4_CI_CO[3])
                                                      0.117     7.197 r  Moving_colors/mondiv/counter0_carry__2/CO[3]
                         net (fo=1, routed)           0.000     7.197    Moving_colors/mondiv/counter0_carry__2_n_0
    SLICE_X6Y35          CARRY4 (Prop_carry4_CI_O[0])
                                                      0.219     7.416 r  Moving_colors/mondiv/counter0_carry__3/O[0]
                         net (fo=1, routed)           0.802     8.217    Moving_colors/mondiv/data0[17]
    SLICE_X5Y35          LUT6 (Prop_lut6_I5_O)        0.295     8.512 r  Moving_colors/mondiv/counter[17]_i_1/O
                         net (fo=1, routed)           0.000     8.512    Moving_colors/mondiv/counter_0[17]
    SLICE_X5Y35          FDCE                                         r  Moving_colors/mondiv/counter_reg[17]/D
  -------------------------------------------------------------------    -------------------

                         (clock sys_clk_pin rise edge)
                                                     10.000    10.000 r  
    W5                                                0.000    10.000 r  Clk100 (IN)
                         net (fo=0)                   0.000    10.000    Clk100
    W5                   IBUF (Prop_ibuf_I_O)         1.388    11.388 r  Clk100_IBUF_inst/O
                         net (fo=1, routed)           1.862    13.250    Clk100_IBUF
    BUFGCTRL_X0Y0        BUFG (Prop_bufg_I_O)         0.091    13.341 r  Clk100_IBUF_BUFG_inst/O
                         net (fo=28, routed)          1.512    14.853    Moving_colors/mondiv/counter_reg[21]_0
    SLICE_X5Y35          FDCE                                         r  Moving_colors/mondiv/counter_reg[17]/C
                         clock pessimism              0.273    15.126    
                         clock uncertainty           -0.035    15.091    
    SLICE_X5Y35          FDCE (Setup_fdce_C_D)        0.029    15.120    Moving_colors/mondiv/counter_reg[17]
  -------------------------------------------------------------------
                         required time                         15.120    
                         arrival time                          -8.512    
  -------------------------------------------------------------------
                         slack                                  6.608    

Slack (MET) :             6.645ns  (required time - arrival time)
  Source:                 Moving_colors/mondiv/counter_reg[1]/C
                            (rising edge-triggered cell FDCE clocked by sys_clk_pin  {rise@0.000ns fall@5.000ns period=10.000ns})
  Destination:            Moving_colors/mondiv/counter_reg[20]/D
                            (rising edge-triggered cell FDCE clocked by sys_clk_pin  {rise@0.000ns fall@5.000ns period=10.000ns})
  Path Group:             sys_clk_pin
  Path Type:              Setup (Max at Slow Process Corner)
  Requirement:            10.000ns  (sys_clk_pin rise@10.000ns - sys_clk_pin rise@0.000ns)
  Data Path Delay:        3.330ns  (logic 2.066ns (62.045%)  route 1.264ns (37.955%))
  Logic Levels:           6  (CARRY4=5 LUT6=1)
  Clock Path Skew:        -0.021ns (DCD - SCD + CPR)
    Destination Clock Delay (DCD):    4.853ns = ( 14.853 - 10.000 ) 
    Source Clock Delay      (SCD):    5.147ns
    Clock Pessimism Removal (CPR):    0.273ns
  Clock Uncertainty:      0.035ns  ((TSJ^2 + TIJ^2)^1/2 + DJ) / 2 + PE
    Total System Jitter     (TSJ):    0.071ns
    Total Input Jitter      (TIJ):    0.000ns
    Discrete Jitter          (DJ):    0.000ns
    Phase Error              (PE):    0.000ns

    Location             Delay type                Incr(ns)  Path(ns)    Netlist Resource(s)
  -------------------------------------------------------------------    -------------------
                         (clock sys_clk_pin rise edge)
                                                      0.000     0.000 r  
    W5                                                0.000     0.000 r  Clk100 (IN)
                         net (fo=0)                   0.000     0.000    Clk100
    W5                   IBUF (Prop_ibuf_I_O)         1.458     1.458 r  Clk100_IBUF_inst/O
                         net (fo=1, routed)           1.967     3.425    Clk100_IBUF
    BUFGCTRL_X0Y0        BUFG (Prop_bufg_I_O)         0.096     3.521 r  Clk100_IBUF_BUFG_inst/O
                         net (fo=28, routed)          1.626     5.147    Moving_colors/mondiv/counter_reg[21]_0
    SLICE_X7Y32          FDCE                                         r  Moving_colors/mondiv/counter_reg[1]/C
  -------------------------------------------------------------------    -------------------
    SLICE_X7Y32          FDCE (Prop_fdce_C_Q)         0.456     5.603 r  Moving_colors/mondiv/counter_reg[1]/Q
                         net (fo=2, routed)           0.605     6.209    Moving_colors/mondiv/counter[1]
    SLICE_X6Y31          CARRY4 (Prop_carry4_S[0]_CO[3])
                                                      0.637     6.846 r  Moving_colors/mondiv/counter0_carry/CO[3]
                         net (fo=1, routed)           0.000     6.846    Moving_colors/mondiv/counter0_carry_n_0
    SLICE_X6Y32          CARRY4 (Prop_carry4_CI_CO[3])
                                                      0.117     6.963 r  Moving_colors/mondiv/counter0_carry__0/CO[3]
                         net (fo=1, routed)           0.000     6.963    Moving_colors/mondiv/counter0_carry__0_n_0
    SLICE_X6Y33          CARRY4 (Prop_carry4_CI_CO[3])
                                                      0.117     7.080 r  Moving_colors/mondiv/counter0_carry__1/CO[3]
                         net (fo=1, routed)           0.000     7.080    Moving_colors/mondiv/counter0_carry__1_n_0
    SLICE_X6Y34          CARRY4 (Prop_carry4_CI_CO[3])
                                                      0.117     7.197 r  Moving_colors/mondiv/counter0_carry__2/CO[3]
                         net (fo=1, routed)           0.000     7.197    Moving_colors/mondiv/counter0_carry__2_n_0
    SLICE_X6Y35          CARRY4 (Prop_carry4_CI_O[3])
                                                      0.315     7.512 r  Moving_colors/mondiv/counter0_carry__3/O[3]
                         net (fo=1, routed)           0.658     8.170    Moving_colors/mondiv/data0[20]
    SLICE_X7Y35          LUT6 (Prop_lut6_I5_O)        0.307     8.477 r  Moving_colors/mondiv/counter[20]_i_1/O
                         net (fo=1, routed)           0.000     8.477    Moving_colors/mondiv/counter_0[20]
    SLICE_X7Y35          FDCE                                         r  Moving_colors/mondiv/counter_reg[20]/D
  -------------------------------------------------------------------    -------------------

                         (clock sys_clk_pin rise edge)
                                                     10.000    10.000 r  
    W5                                                0.000    10.000 r  Clk100 (IN)
                         net (fo=0)                   0.000    10.000    Clk100
    W5                   IBUF (Prop_ibuf_I_O)         1.388    11.388 r  Clk100_IBUF_inst/O
                         net (fo=1, routed)           1.862    13.250    Clk100_IBUF
    BUFGCTRL_X0Y0        BUFG (Prop_bufg_I_O)         0.091    13.341 r  Clk100_IBUF_BUFG_inst/O
                         net (fo=28, routed)          1.512    14.853    Moving_colors/mondiv/counter_reg[21]_0
    SLICE_X7Y35          FDCE                                         r  Moving_colors/mondiv/counter_reg[20]/C
                         clock pessimism              0.273    15.126    
                         clock uncertainty           -0.035    15.091    
    SLICE_X7Y35          FDCE (Setup_fdce_C_D)        0.031    15.122    Moving_colors/mondiv/counter_reg[20]
  -------------------------------------------------------------------
                         required time                         15.122    
                         arrival time                          -8.477    
  -------------------------------------------------------------------
                         slack                                  6.645    

Slack (MET) :             6.675ns  (required time - arrival time)
  Source:                 Moving_colors/mondiv/counter_reg[19]/C
                            (rising edge-triggered cell FDCE clocked by sys_clk_pin  {rise@0.000ns fall@5.000ns period=10.000ns})
  Destination:            Moving_colors/mondiv/counter_reg[8]/D
                            (rising edge-triggered cell FDCE clocked by sys_clk_pin  {rise@0.000ns fall@5.000ns period=10.000ns})
  Path Group:             sys_clk_pin
  Path Type:              Setup (Max at Slow Process Corner)
  Requirement:            10.000ns  (sys_clk_pin rise@10.000ns - sys_clk_pin rise@0.000ns)
  Data Path Delay:        3.294ns  (logic 0.704ns (21.372%)  route 2.590ns (78.628%))
  Logic Levels:           2  (LUT6=2)
  Clock Path Skew:        -0.028ns (DCD - SCD + CPR)
    Destination Clock Delay (DCD):    4.850ns = ( 14.850 - 10.000 ) 
    Source Clock Delay      (SCD):    5.151ns
    Clock Pessimism Removal (CPR):    0.273ns
  Clock Uncertainty:      0.035ns  ((TSJ^2 + TIJ^2)^1/2 + DJ) / 2 + PE
    Total System Jitter     (TSJ):    0.071ns
    Total Input Jitter      (TIJ):    0.000ns
    Discrete Jitter          (DJ):    0.000ns
    Phase Error              (PE):    0.000ns

    Location             Delay type                Incr(ns)  Path(ns)    Netlist Resource(s)
  -------------------------------------------------------------------    -------------------
                         (clock sys_clk_pin rise edge)
                                                      0.000     0.000 r  
    W5                                                0.000     0.000 r  Clk100 (IN)
                         net (fo=0)                   0.000     0.000    Clk100
    W5                   IBUF (Prop_ibuf_I_O)         1.458     1.458 r  Clk100_IBUF_inst/O
                         net (fo=1, routed)           1.967     3.425    Clk100_IBUF
    BUFGCTRL_X0Y0        BUFG (Prop_bufg_I_O)         0.096     3.521 r  Clk100_IBUF_BUFG_inst/O
                         net (fo=28, routed)          1.630     5.151    Moving_colors/mondiv/counter_reg[21]_0
    SLICE_X7Y35          FDCE                                         r  Moving_colors/mondiv/counter_reg[19]/C
  -------------------------------------------------------------------    -------------------
    SLICE_X7Y35          FDCE (Prop_fdce_C_Q)         0.456     5.607 r  Moving_colors/mondiv/counter_reg[19]/Q
                         net (fo=2, routed)           1.101     6.709    Moving_colors/mondiv/counter[19]
    SLICE_X7Y35          LUT6 (Prop_lut6_I2_O)        0.124     6.833 r  Moving_colors/mondiv/counter[21]_i_2/O
                         net (fo=22, routed)          1.489     8.321    Moving_colors/mondiv/counter[21]_i_2_n_0
    SLICE_X7Y32          LUT6 (Prop_lut6_I0_O)        0.124     8.445 r  Moving_colors/mondiv/counter[8]_i_1/O
                         net (fo=1, routed)           0.000     8.445    Moving_colors/mondiv/counter_0[8]
    SLICE_X7Y32          FDCE                                         r  Moving_colors/mondiv/counter_reg[8]/D
  -------------------------------------------------------------------    -------------------

                         (clock sys_clk_pin rise edge)
                                                     10.000    10.000 r  
    W5                                                0.000    10.000 r  Clk100 (IN)
                         net (fo=0)                   0.000    10.000    Clk100
    W5                   IBUF (Prop_ibuf_I_O)         1.388    11.388 r  Clk100_IBUF_inst/O
                         net (fo=1, routed)           1.862    13.250    Clk100_IBUF
    BUFGCTRL_X0Y0        BUFG (Prop_bufg_I_O)         0.091    13.341 r  Clk100_IBUF_BUFG_inst/O
                         net (fo=28, routed)          1.509    14.850    Moving_colors/mondiv/counter_reg[21]_0
    SLICE_X7Y32          FDCE                                         r  Moving_colors/mondiv/counter_reg[8]/C
                         clock pessimism              0.273    15.123    
                         clock uncertainty           -0.035    15.088    
    SLICE_X7Y32          FDCE (Setup_fdce_C_D)        0.032    15.120    Moving_colors/mondiv/counter_reg[8]
  -------------------------------------------------------------------
                         required time                         15.120    
                         arrival time                          -8.445    
  -------------------------------------------------------------------
                         slack                                  6.675    

Slack (MET) :             6.677ns  (required time - arrival time)
  Source:                 Moving_colors/mondiv/counter_reg[1]/C
                            (rising edge-triggered cell FDCE clocked by sys_clk_pin  {rise@0.000ns fall@5.000ns period=10.000ns})
  Destination:            Moving_colors/mondiv/counter_reg[12]/D
                            (rising edge-triggered cell FDCE clocked by sys_clk_pin  {rise@0.000ns fall@5.000ns period=10.000ns})
  Path Group:             sys_clk_pin
  Path Type:              Setup (Max at Slow Process Corner)
  Requirement:            10.000ns  (sys_clk_pin rise@10.000ns - sys_clk_pin rise@0.000ns)
  Data Path Delay:        3.296ns  (logic 1.832ns (55.582%)  route 1.464ns (44.418%))
  Logic Levels:           4  (CARRY4=3 LUT6=1)
  Clock Path Skew:        -0.023ns (DCD - SCD + CPR)
    Destination Clock Delay (DCD):    4.851ns = ( 14.851 - 10.000 ) 
    Source Clock Delay      (SCD):    5.147ns
    Clock Pessimism Removal (CPR):    0.273ns
  Clock Uncertainty:      0.035ns  ((TSJ^2 + TIJ^2)^1/2 + DJ) / 2 + PE
    Total System Jitter     (TSJ):    0.071ns
    Total Input Jitter      (TIJ):    0.000ns
    Discrete Jitter          (DJ):    0.000ns
    Phase Error              (PE):    0.000ns

    Location             Delay type                Incr(ns)  Path(ns)    Netlist Resource(s)
  -------------------------------------------------------------------    -------------------
                         (clock sys_clk_pin rise edge)
                                                      0.000     0.000 r  
    W5                                                0.000     0.000 r  Clk100 (IN)
                         net (fo=0)                   0.000     0.000    Clk100
    W5                   IBUF (Prop_ibuf_I_O)         1.458     1.458 r  Clk100_IBUF_inst/O
                         net (fo=1, routed)           1.967     3.425    Clk100_IBUF
    BUFGCTRL_X0Y0        BUFG (Prop_bufg_I_O)         0.096     3.521 r  Clk100_IBUF_BUFG_inst/O
                         net (fo=28, routed)          1.626     5.147    Moving_colors/mondiv/counter_reg[21]_0
    SLICE_X7Y32          FDCE                                         r  Moving_colors/mondiv/counter_reg[1]/C
  -------------------------------------------------------------------    -------------------
    SLICE_X7Y32          FDCE (Prop_fdce_C_Q)         0.456     5.603 r  Moving_colors/mondiv/counter_reg[1]/Q
                         net (fo=2, routed)           0.605     6.209    Moving_colors/mondiv/counter[1]
    SLICE_X6Y31          CARRY4 (Prop_carry4_S[0]_CO[3])
                                                      0.637     6.846 r  Moving_colors/mondiv/counter0_carry/CO[3]
                         net (fo=1, routed)           0.000     6.846    Moving_colors/mondiv/counter0_carry_n_0
    SLICE_X6Y32          CARRY4 (Prop_carry4_CI_CO[3])
                                                      0.117     6.963 r  Moving_colors/mondiv/counter0_carry__0/CO[3]
                         net (fo=1, routed)           0.000     6.963    Moving_colors/mondiv/counter0_carry__0_n_0
    SLICE_X6Y33          CARRY4 (Prop_carry4_CI_O[3])
                                                      0.315     7.278 r  Moving_colors/mondiv/counter0_carry__1/O[3]
                         net (fo=1, routed)           0.859     8.136    Moving_colors/mondiv/data0[12]
    SLICE_X7Y33          LUT6 (Prop_lut6_I5_O)        0.307     8.443 r  Moving_colors/mondiv/counter[12]_i_1/O
                         net (fo=1, routed)           0.000     8.443    Moving_colors/mondiv/counter_0[12]
    SLICE_X7Y33          FDCE                                         r  Moving_colors/mondiv/counter_reg[12]/D
  -------------------------------------------------------------------    -------------------

                         (clock sys_clk_pin rise edge)
                                                     10.000    10.000 r  
    W5                                                0.000    10.000 r  Clk100 (IN)
                         net (fo=0)                   0.000    10.000    Clk100
    W5                   IBUF (Prop_ibuf_I_O)         1.388    11.388 r  Clk100_IBUF_inst/O
                         net (fo=1, routed)           1.862    13.250    Clk100_IBUF
    BUFGCTRL_X0Y0        BUFG (Prop_bufg_I_O)         0.091    13.341 r  Clk100_IBUF_BUFG_inst/O
                         net (fo=28, routed)          1.510    14.851    Moving_colors/mondiv/counter_reg[21]_0
    SLICE_X7Y33          FDCE                                         r  Moving_colors/mondiv/counter_reg[12]/C
                         clock pessimism              0.273    15.124    
                         clock uncertainty           -0.035    15.089    
    SLICE_X7Y33          FDCE (Setup_fdce_C_D)        0.031    15.120    Moving_colors/mondiv/counter_reg[12]
  -------------------------------------------------------------------
                         required time                         15.120    
                         arrival time                          -8.443    
  -------------------------------------------------------------------
                         slack                                  6.677    

Slack (MET) :             6.677ns  (required time - arrival time)
  Source:                 Moving_colors/mondiv/counter_reg[19]/C
                            (rising edge-triggered cell FDCE clocked by sys_clk_pin  {rise@0.000ns fall@5.000ns period=10.000ns})
  Destination:            Moving_colors/mondiv/counter_reg[2]/D
                            (rising edge-triggered cell FDCE clocked by sys_clk_pin  {rise@0.000ns fall@5.000ns period=10.000ns})
  Path Group:             sys_clk_pin
  Path Type:              Setup (Max at Slow Process Corner)
  Requirement:            10.000ns  (sys_clk_pin rise@10.000ns - sys_clk_pin rise@0.000ns)
  Data Path Delay:        3.287ns  (logic 0.704ns (21.419%)  route 2.583ns (78.581%))
  Logic Levels:           2  (LUT6=2)
  Clock Path Skew:        -0.030ns (DCD - SCD + CPR)
    Destination Clock Delay (DCD):    4.848ns = ( 14.848 - 10.000 ) 
    Source Clock Delay      (SCD):    5.151ns
    Clock Pessimism Removal (CPR):    0.273ns
  Clock Uncertainty:      0.035ns  ((TSJ^2 + TIJ^2)^1/2 + DJ) / 2 + PE
    Total System Jitter     (TSJ):    0.071ns
    Total Input Jitter      (TIJ):    0.000ns
    Discrete Jitter          (DJ):    0.000ns
    Phase Error              (PE):    0.000ns

    Location             Delay type                Incr(ns)  Path(ns)    Netlist Resource(s)
  -------------------------------------------------------------------    -------------------
                         (clock sys_clk_pin rise edge)
                                                      0.000     0.000 r  
    W5                                                0.000     0.000 r  Clk100 (IN)
                         net (fo=0)                   0.000     0.000    Clk100
    W5                   IBUF (Prop_ibuf_I_O)         1.458     1.458 r  Clk100_IBUF_inst/O
                         net (fo=1, routed)           1.967     3.425    Clk100_IBUF
    BUFGCTRL_X0Y0        BUFG (Prop_bufg_I_O)         0.096     3.521 r  Clk100_IBUF_BUFG_inst/O
                         net (fo=28, routed)          1.630     5.151    Moving_colors/mondiv/counter_reg[21]_0
    SLICE_X7Y35          FDCE                                         r  Moving_colors/mondiv/counter_reg[19]/C
  -------------------------------------------------------------------    -------------------
    SLICE_X7Y35          FDCE (Prop_fdce_C_Q)         0.456     5.607 r  Moving_colors/mondiv/counter_reg[19]/Q
                         net (fo=2, routed)           1.101     6.709    Moving_colors/mondiv/counter[19]
    SLICE_X7Y35          LUT6 (Prop_lut6_I2_O)        0.124     6.833 r  Moving_colors/mondiv/counter[21]_i_2/O
                         net (fo=22, routed)          1.481     8.314    Moving_colors/mondiv/counter[21]_i_2_n_0
    SLICE_X7Y31          LUT6 (Prop_lut6_I0_O)        0.124     8.438 r  Moving_colors/mondiv/counter[2]_i_1/O
                         net (fo=1, routed)           0.000     8.438    Moving_colors/mondiv/counter_0[2]
    SLICE_X7Y31          FDCE                                         r  Moving_colors/mondiv/counter_reg[2]/D
  -------------------------------------------------------------------    -------------------

                         (clock sys_clk_pin rise edge)
                                                     10.000    10.000 r  
    W5                                                0.000    10.000 r  Clk100 (IN)
                         net (fo=0)                   0.000    10.000    Clk100
    W5                   IBUF (Prop_ibuf_I_O)         1.388    11.388 r  Clk100_IBUF_inst/O
                         net (fo=1, routed)           1.862    13.250    Clk100_IBUF
    BUFGCTRL_X0Y0        BUFG (Prop_bufg_I_O)         0.091    13.341 r  Clk100_IBUF_BUFG_inst/O
                         net (fo=28, routed)          1.507    14.848    Moving_colors/mondiv/counter_reg[21]_0
    SLICE_X7Y31          FDCE                                         r  Moving_colors/mondiv/counter_reg[2]/C
                         clock pessimism              0.273    15.121    
                         clock uncertainty           -0.035    15.086    
    SLICE_X7Y31          FDCE (Setup_fdce_C_D)        0.029    15.115    Moving_colors/mondiv/counter_reg[2]
  -------------------------------------------------------------------
                         required time                         15.115    
                         arrival time                          -8.438    
  -------------------------------------------------------------------
                         slack                                  6.677    

Slack (MET) :             6.679ns  (required time - arrival time)
  Source:                 Moving_colors/mondiv/counter_reg[19]/C
                            (rising edge-triggered cell FDCE clocked by sys_clk_pin  {rise@0.000ns fall@5.000ns period=10.000ns})
  Destination:            Moving_colors/mondiv/counter_reg[4]/D
                            (rising edge-triggered cell FDCE clocked by sys_clk_pin  {rise@0.000ns fall@5.000ns period=10.000ns})
  Path Group:             sys_clk_pin
  Path Type:              Setup (Max at Slow Process Corner)
  Requirement:            10.000ns  (sys_clk_pin rise@10.000ns - sys_clk_pin rise@0.000ns)
  Data Path Delay:        3.287ns  (logic 0.704ns (21.419%)  route 2.583ns (78.581%))
  Logic Levels:           2  (LUT6=2)
  Clock Path Skew:        -0.030ns (DCD - SCD + CPR)
    Destination Clock Delay (DCD):    4.848ns = ( 14.848 - 10.000 ) 
    Source Clock Delay      (SCD):    5.151ns
    Clock Pessimism Removal (CPR):    0.273ns
  Clock Uncertainty:      0.035ns  ((TSJ^2 + TIJ^2)^1/2 + DJ) / 2 + PE
    Total System Jitter     (TSJ):    0.071ns
    Total Input Jitter      (TIJ):    0.000ns
    Discrete Jitter          (DJ):    0.000ns
    Phase Error              (PE):    0.000ns

    Location             Delay type                Incr(ns)  Path(ns)    Netlist Resource(s)
  -------------------------------------------------------------------    -------------------
                         (clock sys_clk_pin rise edge)
                                                      0.000     0.000 r  
    W5                                                0.000     0.000 r  Clk100 (IN)
                         net (fo=0)                   0.000     0.000    Clk100
    W5                   IBUF (Prop_ibuf_I_O)         1.458     1.458 r  Clk100_IBUF_inst/O
                         net (fo=1, routed)           1.967     3.425    Clk100_IBUF
    BUFGCTRL_X0Y0        BUFG (Prop_bufg_I_O)         0.096     3.521 r  Clk100_IBUF_BUFG_inst/O
                         net (fo=28, routed)          1.630     5.151    Moving_colors/mondiv/counter_reg[21]_0
    SLICE_X7Y35          FDCE                                         r  Moving_colors/mondiv/counter_reg[19]/C
  -------------------------------------------------------------------    -------------------
    SLICE_X7Y35          FDCE (Prop_fdce_C_Q)         0.456     5.607 r  Moving_colors/mondiv/counter_reg[19]/Q
                         net (fo=2, routed)           1.101     6.709    Moving_colors/mondiv/counter[19]
    SLICE_X7Y35          LUT6 (Prop_lut6_I2_O)        0.124     6.833 r  Moving_colors/mondiv/counter[21]_i_2/O
                         net (fo=22, routed)          1.481     8.314    Moving_colors/mondiv/counter[21]_i_2_n_0
    SLICE_X7Y31          LUT6 (Prop_lut6_I0_O)        0.124     8.438 r  Moving_colors/mondiv/counter[4]_i_1/O
                         net (fo=1, routed)           0.000     8.438    Moving_colors/mondiv/counter_0[4]
    SLICE_X7Y31          FDCE                                         r  Moving_colors/mondiv/counter_reg[4]/D
  -------------------------------------------------------------------    -------------------

                         (clock sys_clk_pin rise edge)
                                                     10.000    10.000 r  
    W5                                                0.000    10.000 r  Clk100 (IN)
                         net (fo=0)                   0.000    10.000    Clk100
    W5                   IBUF (Prop_ibuf_I_O)         1.388    11.388 r  Clk100_IBUF_inst/O
                         net (fo=1, routed)           1.862    13.250    Clk100_IBUF
    BUFGCTRL_X0Y0        BUFG (Prop_bufg_I_O)         0.091    13.341 r  Clk100_IBUF_BUFG_inst/O
                         net (fo=28, routed)          1.507    14.848    Moving_colors/mondiv/counter_reg[21]_0
    SLICE_X7Y31          FDCE                                         r  Moving_colors/mondiv/counter_reg[4]/C
                         clock pessimism              0.273    15.121    
                         clock uncertainty           -0.035    15.086    
    SLICE_X7Y31          FDCE (Setup_fdce_C_D)        0.031    15.117    Moving_colors/mondiv/counter_reg[4]
  -------------------------------------------------------------------
                         required time                         15.117    
                         arrival time                          -8.438    
  -------------------------------------------------------------------
                         slack                                  6.679    

Slack (MET) :             6.720ns  (required time - arrival time)
  Source:                 Moving_colors/mondiv/counter_reg[1]/C
                            (rising edge-triggered cell FDCE clocked by sys_clk_pin  {rise@0.000ns fall@5.000ns period=10.000ns})
  Destination:            Moving_colors/mondiv/counter_reg[21]/D
                            (rising edge-triggered cell FDCE clocked by sys_clk_pin  {rise@0.000ns fall@5.000ns period=10.000ns})
  Path Group:             sys_clk_pin
  Path Type:              Setup (Max at Slow Process Corner)
  Requirement:            10.000ns  (sys_clk_pin rise@10.000ns - sys_clk_pin rise@0.000ns)
  Data Path Delay:        3.255ns  (logic 2.075ns (63.748%)  route 1.180ns (36.252%))
  Logic Levels:           7  (CARRY4=6 LUT6=1)
  Clock Path Skew:        -0.021ns (DCD - SCD + CPR)
    Destination Clock Delay (DCD):    4.853ns = ( 14.853 - 10.000 ) 
    Source Clock Delay      (SCD):    5.147ns
    Clock Pessimism Removal (CPR):    0.273ns
  Clock Uncertainty:      0.035ns  ((TSJ^2 + TIJ^2)^1/2 + DJ) / 2 + PE
    Total System Jitter     (TSJ):    0.071ns
    Total Input Jitter      (TIJ):    0.000ns
    Discrete Jitter          (DJ):    0.000ns
    Phase Error              (PE):    0.000ns

    Location             Delay type                Incr(ns)  Path(ns)    Netlist Resource(s)
  -------------------------------------------------------------------    -------------------
                         (clock sys_clk_pin rise edge)
                                                      0.000     0.000 r  
    W5                                                0.000     0.000 r  Clk100 (IN)
                         net (fo=0)                   0.000     0.000    Clk100
    W5                   IBUF (Prop_ibuf_I_O)         1.458     1.458 r  Clk100_IBUF_inst/O
                         net (fo=1, routed)           1.967     3.425    Clk100_IBUF
    BUFGCTRL_X0Y0        BUFG (Prop_bufg_I_O)         0.096     3.521 r  Clk100_IBUF_BUFG_inst/O
                         net (fo=28, routed)          1.626     5.147    Moving_colors/mondiv/counter_reg[21]_0
    SLICE_X7Y32          FDCE                                         r  Moving_colors/mondiv/counter_reg[1]/C
  -------------------------------------------------------------------    -------------------
    SLICE_X7Y32          FDCE (Prop_fdce_C_Q)         0.456     5.603 r  Moving_colors/mondiv/counter_reg[1]/Q
                         net (fo=2, routed)           0.605     6.209    Moving_colors/mondiv/counter[1]
    SLICE_X6Y31          CARRY4 (Prop_carry4_S[0]_CO[3])
                                                      0.637     6.846 r  Moving_colors/mondiv/counter0_carry/CO[3]
                         net (fo=1, routed)           0.000     6.846    Moving_colors/mondiv/counter0_carry_n_0
    SLICE_X6Y32          CARRY4 (Prop_carry4_CI_CO[3])
                                                      0.117     6.963 r  Moving_colors/mondiv/counter0_carry__0/CO[3]
                         net (fo=1, routed)           0.000     6.963    Moving_colors/mondiv/counter0_carry__0_n_0
    SLICE_X6Y33          CARRY4 (Prop_carry4_CI_CO[3])
                                                      0.117     7.080 r  Moving_colors/mondiv/counter0_carry__1/CO[3]
                         net (fo=1, routed)           0.000     7.080    Moving_colors/mondiv/counter0_carry__1_n_0
    SLICE_X6Y34          CARRY4 (Prop_carry4_CI_CO[3])
                                                      0.117     7.197 r  Moving_colors/mondiv/counter0_carry__2/CO[3]
                         net (fo=1, routed)           0.000     7.197    Moving_colors/mondiv/counter0_carry__2_n_0
    SLICE_X6Y35          CARRY4 (Prop_carry4_CI_CO[3])
                                                      0.117     7.314 r  Moving_colors/mondiv/counter0_carry__3/CO[3]
                         net (fo=1, routed)           0.000     7.314    Moving_colors/mondiv/counter0_carry__3_n_0
    SLICE_X6Y36          CARRY4 (Prop_carry4_CI_O[0])
                                                      0.219     7.533 r  Moving_colors/mondiv/counter0_carry__4/O[0]
                         net (fo=1, routed)           0.575     8.107    Moving_colors/mondiv/data0[21]
    SLICE_X7Y35          LUT6 (Prop_lut6_I5_O)        0.295     8.402 r  Moving_colors/mondiv/counter[21]_i_1/O
                         net (fo=1, routed)           0.000     8.402    Moving_colors/mondiv/counter_0[21]
    SLICE_X7Y35          FDCE                                         r  Moving_colors/mondiv/counter_reg[21]/D
  -------------------------------------------------------------------    -------------------

                         (clock sys_clk_pin rise edge)
                                                     10.000    10.000 r  
    W5                                                0.000    10.000 r  Clk100 (IN)
                         net (fo=0)                   0.000    10.000    Clk100
    W5                   IBUF (Prop_ibuf_I_O)         1.388    11.388 r  Clk100_IBUF_inst/O
                         net (fo=1, routed)           1.862    13.250    Clk100_IBUF
    BUFGCTRL_X0Y0        BUFG (Prop_bufg_I_O)         0.091    13.341 r  Clk100_IBUF_BUFG_inst/O
                         net (fo=28, routed)          1.512    14.853    Moving_colors/mondiv/counter_reg[21]_0
    SLICE_X7Y35          FDCE                                         r  Moving_colors/mondiv/counter_reg[21]/C
                         clock pessimism              0.273    15.126    
                         clock uncertainty           -0.035    15.091    
    SLICE_X7Y35          FDCE (Setup_fdce_C_D)        0.031    15.122    Moving_colors/mondiv/counter_reg[21]
  -------------------------------------------------------------------
                         required time                         15.122    
                         arrival time                          -8.402    
  -------------------------------------------------------------------
                         slack                                  6.720    

Slack (MET) :             6.724ns  (required time - arrival time)
  Source:                 Moving_colors/mondiv/counter_reg[1]/C
                            (rising edge-triggered cell FDCE clocked by sys_clk_pin  {rise@0.000ns fall@5.000ns period=10.000ns})
  Destination:            Moving_colors/mondiv/counter_reg[13]/D
                            (rising edge-triggered cell FDCE clocked by sys_clk_pin  {rise@0.000ns fall@5.000ns period=10.000ns})
  Path Group:             sys_clk_pin
  Path Type:              Setup (Max at Slow Process Corner)
  Requirement:            10.000ns  (sys_clk_pin rise@10.000ns - sys_clk_pin rise@0.000ns)
  Data Path Delay:        3.248ns  (logic 1.841ns (56.681%)  route 1.407ns (43.319%))
  Logic Levels:           5  (CARRY4=4 LUT6=1)
  Clock Path Skew:        -0.022ns (DCD - SCD + CPR)
    Destination Clock Delay (DCD):    4.852ns = ( 14.852 - 10.000 ) 
    Source Clock Delay      (SCD):    5.147ns
    Clock Pessimism Removal (CPR):    0.273ns
  Clock Uncertainty:      0.035ns  ((TSJ^2 + TIJ^2)^1/2 + DJ) / 2 + PE
    Total System Jitter     (TSJ):    0.071ns
    Total Input Jitter      (TIJ):    0.000ns
    Discrete Jitter          (DJ):    0.000ns
    Phase Error              (PE):    0.000ns

    Location             Delay type                Incr(ns)  Path(ns)    Netlist Resource(s)
  -------------------------------------------------------------------    -------------------
                         (clock sys_clk_pin rise edge)
                                                      0.000     0.000 r  
    W5                                                0.000     0.000 r  Clk100 (IN)
                         net (fo=0)                   0.000     0.000    Clk100
    W5                   IBUF (Prop_ibuf_I_O)         1.458     1.458 r  Clk100_IBUF_inst/O
                         net (fo=1, routed)           1.967     3.425    Clk100_IBUF
    BUFGCTRL_X0Y0        BUFG (Prop_bufg_I_O)         0.096     3.521 r  Clk100_IBUF_BUFG_inst/O
                         net (fo=28, routed)          1.626     5.147    Moving_colors/mondiv/counter_reg[21]_0
    SLICE_X7Y32          FDCE                                         r  Moving_colors/mondiv/counter_reg[1]/C
  -------------------------------------------------------------------    -------------------
    SLICE_X7Y32          FDCE (Prop_fdce_C_Q)         0.456     5.603 r  Moving_colors/mondiv/counter_reg[1]/Q
                         net (fo=2, routed)           0.605     6.209    Moving_colors/mondiv/counter[1]
    SLICE_X6Y31          CARRY4 (Prop_carry4_S[0]_CO[3])
                                                      0.637     6.846 r  Moving_colors/mondiv/counter0_carry/CO[3]
                         net (fo=1, routed)           0.000     6.846    Moving_colors/mondiv/counter0_carry_n_0
    SLICE_X6Y32          CARRY4 (Prop_carry4_CI_CO[3])
                                                      0.117     6.963 r  Moving_colors/mondiv/counter0_carry__0/CO[3]
                         net (fo=1, routed)           0.000     6.963    Moving_colors/mondiv/counter0_carry__0_n_0
    SLICE_X6Y33          CARRY4 (Prop_carry4_CI_CO[3])
                                                      0.117     7.080 r  Moving_colors/mondiv/counter0_carry__1/CO[3]
                         net (fo=1, routed)           0.000     7.080    Moving_colors/mondiv/counter0_carry__1_n_0
    SLICE_X6Y34          CARRY4 (Prop_carry4_CI_O[0])
                                                      0.219     7.299 r  Moving_colors/mondiv/counter0_carry__2/O[0]
                         net (fo=1, routed)           0.802     8.100    Moving_colors/mondiv/data0[13]
    SLICE_X5Y34          LUT6 (Prop_lut6_I5_O)        0.295     8.395 r  Moving_colors/mondiv/counter[13]_i_1/O
                         net (fo=1, routed)           0.000     8.395    Moving_colors/mondiv/counter_0[13]
    SLICE_X5Y34          FDCE                                         r  Moving_colors/mondiv/counter_reg[13]/D
  -------------------------------------------------------------------    -------------------

                         (clock sys_clk_pin rise edge)
                                                     10.000    10.000 r  
    W5                                                0.000    10.000 r  Clk100 (IN)
                         net (fo=0)                   0.000    10.000    Clk100
    W5                   IBUF (Prop_ibuf_I_O)         1.388    11.388 r  Clk100_IBUF_inst/O
                         net (fo=1, routed)           1.862    13.250    Clk100_IBUF
    BUFGCTRL_X0Y0        BUFG (Prop_bufg_I_O)         0.091    13.341 r  Clk100_IBUF_BUFG_inst/O
                         net (fo=28, routed)          1.511    14.852    Moving_colors/mondiv/counter_reg[21]_0
    SLICE_X5Y34          FDCE                                         r  Moving_colors/mondiv/counter_reg[13]/C
                         clock pessimism              0.273    15.125    
                         clock uncertainty           -0.035    15.090    
    SLICE_X5Y34          FDCE (Setup_fdce_C_D)        0.029    15.119    Moving_colors/mondiv/counter_reg[13]
  -------------------------------------------------------------------
                         required time                         15.119    
                         arrival time                          -8.395    
  -------------------------------------------------------------------
                         slack                                  6.724    

Slack (MET) :             6.833ns  (required time - arrival time)
  Source:                 Moving_colors/mondiv/counter_reg[19]/C
                            (rising edge-triggered cell FDCE clocked by sys_clk_pin  {rise@0.000ns fall@5.000ns period=10.000ns})
  Destination:            Moving_colors/mondiv/counter_reg[6]/D
                            (rising edge-triggered cell FDCE clocked by sys_clk_pin  {rise@0.000ns fall@5.000ns period=10.000ns})
  Path Group:             sys_clk_pin
  Path Type:              Setup (Max at Slow Process Corner)
  Requirement:            10.000ns  (sys_clk_pin rise@10.000ns - sys_clk_pin rise@0.000ns)
  Data Path Delay:        3.133ns  (logic 0.704ns (22.470%)  route 2.429ns (77.530%))
  Logic Levels:           2  (LUT6=2)
  Clock Path Skew:        -0.028ns (DCD - SCD + CPR)
    Destination Clock Delay (DCD):    4.850ns = ( 14.850 - 10.000 ) 
    Source Clock Delay      (SCD):    5.151ns
    Clock Pessimism Removal (CPR):    0.273ns
  Clock Uncertainty:      0.035ns  ((TSJ^2 + TIJ^2)^1/2 + DJ) / 2 + PE
    Total System Jitter     (TSJ):    0.071ns
    Total Input Jitter      (TIJ):    0.000ns
    Discrete Jitter          (DJ):    0.000ns
    Phase Error              (PE):    0.000ns

    Location             Delay type                Incr(ns)  Path(ns)    Netlist Resource(s)
  -------------------------------------------------------------------    -------------------
                         (clock sys_clk_pin rise edge)
                                                      0.000     0.000 r  
    W5                                                0.000     0.000 r  Clk100 (IN)
                         net (fo=0)                   0.000     0.000    Clk100
    W5                   IBUF (Prop_ibuf_I_O)         1.458     1.458 r  Clk100_IBUF_inst/O
                         net (fo=1, routed)           1.967     3.425    Clk100_IBUF
    BUFGCTRL_X0Y0        BUFG (Prop_bufg_I_O)         0.096     3.521 r  Clk100_IBUF_BUFG_inst/O
                         net (fo=28, routed)          1.630     5.151    Moving_colors/mondiv/counter_reg[21]_0
    SLICE_X7Y35          FDCE                                         r  Moving_colors/mondiv/counter_reg[19]/C
  -------------------------------------------------------------------    -------------------
    SLICE_X7Y35          FDCE (Prop_fdce_C_Q)         0.456     5.607 r  Moving_colors/mondiv/counter_reg[19]/Q
                         net (fo=2, routed)           1.101     6.709    Moving_colors/mondiv/counter[19]
    SLICE_X7Y35          LUT6 (Prop_lut6_I2_O)        0.124     6.833 r  Moving_colors/mondiv/counter[21]_i_2/O
                         net (fo=22, routed)          1.328     8.160    Moving_colors/mondiv/counter[21]_i_2_n_0
    SLICE_X5Y32          LUT6 (Prop_lut6_I0_O)        0.124     8.284 r  Moving_colors/mondiv/counter[6]_i_1/O
                         net (fo=1, routed)           0.000     8.284    Moving_colors/mondiv/counter_0[6]
    SLICE_X5Y32          FDCE                                         r  Moving_colors/mondiv/counter_reg[6]/D
  -------------------------------------------------------------------    -------------------

                         (clock sys_clk_pin rise edge)
                                                     10.000    10.000 r  
    W5                                                0.000    10.000 r  Clk100 (IN)
                         net (fo=0)                   0.000    10.000    Clk100
    W5                   IBUF (Prop_ibuf_I_O)         1.388    11.388 r  Clk100_IBUF_inst/O
                         net (fo=1, routed)           1.862    13.250    Clk100_IBUF
    BUFGCTRL_X0Y0        BUFG (Prop_bufg_I_O)         0.091    13.341 r  Clk100_IBUF_BUFG_inst/O
                         net (fo=28, routed)          1.509    14.850    Moving_colors/mondiv/counter_reg[21]_0
    SLICE_X5Y32          FDCE                                         r  Moving_colors/mondiv/counter_reg[6]/C
                         clock pessimism              0.273    15.123    
                         clock uncertainty           -0.035    15.088    
    SLICE_X5Y32          FDCE (Setup_fdce_C_D)        0.029    15.117    Moving_colors/mondiv/counter_reg[6]
  -------------------------------------------------------------------
                         required time                         15.117    
                         arrival time                          -8.284    
  -------------------------------------------------------------------
                         slack                                  6.833    





Min Delay Paths
--------------------------------------------------------------------------------------
Slack (MET) :             0.228ns  (arrival time - required time)
  Source:                 Diviseur/state_reg[0]/C
                            (rising edge-triggered cell FDCE clocked by sys_clk_pin  {rise@0.000ns fall@5.000ns period=10.000ns})
  Destination:            Diviseur/clk_sortie_reg/D
                            (rising edge-triggered cell FDRE clocked by sys_clk_pin  {rise@0.000ns fall@5.000ns period=10.000ns})
  Path Group:             sys_clk_pin
  Path Type:              Hold (Min at Fast Process Corner)
  Requirement:            0.000ns  (sys_clk_pin rise@0.000ns - sys_clk_pin rise@0.000ns)
  Data Path Delay:        0.361ns  (logic 0.209ns (57.850%)  route 0.152ns (42.150%))
  Logic Levels:           1  (LUT3=1)
  Clock Path Skew:        0.013ns (DCD - SCD - CPR)
    Destination Clock Delay (DCD):    1.986ns
    Source Clock Delay      (SCD):    1.474ns
    Clock Pessimism Removal (CPR):    0.499ns

    Location             Delay type                Incr(ns)  Path(ns)    Netlist Resource(s)
  -------------------------------------------------------------------    -------------------
                         (clock sys_clk_pin rise edge)
                                                      0.000     0.000 r  
    W5                                                0.000     0.000 r  Clk100 (IN)
                         net (fo=0)                   0.000     0.000    Clk100
    W5                   IBUF (Prop_ibuf_I_O)         0.226     0.226 r  Clk100_IBUF_inst/O
                         net (fo=1, routed)           0.631     0.858    Clk100_IBUF
    BUFGCTRL_X0Y0        BUFG (Prop_bufg_I_O)         0.026     0.884 r  Clk100_IBUF_BUFG_inst/O
                         net (fo=28, routed)          0.591     1.474    Diviseur/CLK
    SLICE_X2Y34          FDCE                                         r  Diviseur/state_reg[0]/C
  -------------------------------------------------------------------    -------------------
    SLICE_X2Y34          FDCE (Prop_fdce_C_Q)         0.164     1.638 r  Diviseur/state_reg[0]/Q
                         net (fo=2, routed)           0.152     1.790    Diviseur/state_reg_n_0_[0]
    SLICE_X2Y33          LUT3 (Prop_lut3_I1_O)        0.045     1.835 r  Diviseur/clk_sortie_i_1/O
                         net (fo=1, routed)           0.000     1.835    Diviseur/clk_sortie_i_1_n_0
    SLICE_X2Y33          FDRE                                         r  Diviseur/clk_sortie_reg/D
  -------------------------------------------------------------------    -------------------

                         (clock sys_clk_pin rise edge)
                                                      0.000     0.000 r  
    W5                                                0.000     0.000 r  Clk100 (IN)
                         net (fo=0)                   0.000     0.000    Clk100
    W5                   IBUF (Prop_ibuf_I_O)         0.414     0.414 r  Clk100_IBUF_inst/O
                         net (fo=1, routed)           0.685     1.099    Clk100_IBUF
    BUFGCTRL_X0Y0        BUFG (Prop_bufg_I_O)         0.029     1.128 r  Clk100_IBUF_BUFG_inst/O
                         net (fo=28, routed)          0.859     1.986    Diviseur/CLK
    SLICE_X2Y33          FDRE                                         r  Diviseur/clk_sortie_reg/C
                         clock pessimism             -0.499     1.487    
    SLICE_X2Y33          FDRE (Hold_fdre_C_D)         0.120     1.607    Diviseur/clk_sortie_reg
  -------------------------------------------------------------------
                         required time                         -1.607    
                         arrival time                           1.835    
  -------------------------------------------------------------------
                         slack                                  0.228    

Slack (MET) :             0.262ns  (arrival time - required time)
  Source:                 Moving_colors/FSM_onehot_EP_reg[1]/C
                            (rising edge-triggered cell FDCE clocked by sys_clk_pin  {rise@0.000ns fall@5.000ns period=10.000ns})
  Destination:            Moving_colors/FSM_onehot_EP_reg[1]/D
                            (rising edge-triggered cell FDCE clocked by sys_clk_pin  {rise@0.000ns fall@5.000ns period=10.000ns})
  Path Group:             sys_clk_pin
  Path Type:              Hold (Min at Fast Process Corner)
  Requirement:            0.000ns  (sys_clk_pin rise@0.000ns - sys_clk_pin rise@0.000ns)
  Data Path Delay:        0.383ns  (logic 0.209ns (54.630%)  route 0.174ns (45.370%))
  Logic Levels:           1  (LUT5=1)
  Clock Path Skew:        0.000ns (DCD - SCD - CPR)
    Destination Clock Delay (DCD):    1.987ns
    Source Clock Delay      (SCD):    1.474ns
    Clock Pessimism Removal (CPR):    0.513ns

    Location             Delay type                Incr(ns)  Path(ns)    Netlist Resource(s)
  -------------------------------------------------------------------    -------------------
                         (clock sys_clk_pin rise edge)
                                                      0.000     0.000 r  
    W5                                                0.000     0.000 r  Clk100 (IN)
                         net (fo=0)                   0.000     0.000    Clk100
    W5                   IBUF (Prop_ibuf_I_O)         0.226     0.226 r  Clk100_IBUF_inst/O
                         net (fo=1, routed)           0.631     0.858    Clk100_IBUF
    BUFGCTRL_X0Y0        BUFG (Prop_bufg_I_O)         0.026     0.884 r  Clk100_IBUF_BUFG_inst/O
                         net (fo=28, routed)          0.591     1.474    Moving_colors/CLK
    SLICE_X2Y34          FDCE                                         r  Moving_colors/FSM_onehot_EP_reg[1]/C
  -------------------------------------------------------------------    -------------------
    SLICE_X2Y34          FDCE (Prop_fdce_C_Q)         0.164     1.638 r  Moving_colors/FSM_onehot_EP_reg[1]/Q
                         net (fo=15, routed)          0.174     1.812    Moving_colors/FSM_onehot_EP_reg_n_0_[1]
    SLICE_X2Y34          LUT5 (Prop_lut5_I4_O)        0.045     1.857 r  Moving_colors/FSM_onehot_EP[1]_i_1/O
                         net (fo=1, routed)           0.000     1.857    Moving_colors/FSM_onehot_EP[1]_i_1_n_0
    SLICE_X2Y34          FDCE                                         r  Moving_colors/FSM_onehot_EP_reg[1]/D
  -------------------------------------------------------------------    -------------------

                         (clock sys_clk_pin rise edge)
                                                      0.000     0.000 r  
    W5                                                0.000     0.000 r  Clk100 (IN)
                         net (fo=0)                   0.000     0.000    Clk100
    W5                   IBUF (Prop_ibuf_I_O)         0.414     0.414 r  Clk100_IBUF_inst/O
                         net (fo=1, routed)           0.685     1.099    Clk100_IBUF
    BUFGCTRL_X0Y0        BUFG (Prop_bufg_I_O)         0.029     1.128 r  Clk100_IBUF_BUFG_inst/O
                         net (fo=28, routed)          0.860     1.987    Moving_colors/CLK
    SLICE_X2Y34          FDCE                                         r  Moving_colors/FSM_onehot_EP_reg[1]/C
                         clock pessimism             -0.513     1.474    
    SLICE_X2Y34          FDCE (Hold_fdce_C_D)         0.121     1.595    Moving_colors/FSM_onehot_EP_reg[1]
  -------------------------------------------------------------------
                         required time                         -1.595    
                         arrival time                           1.857    
  -------------------------------------------------------------------
                         slack                                  0.262    

Slack (MET) :             0.264ns  (arrival time - required time)
  Source:                 Diviseur/state_reg[0]/C
                            (rising edge-triggered cell FDCE clocked by sys_clk_pin  {rise@0.000ns fall@5.000ns period=10.000ns})
  Destination:            Diviseur/state_reg[0]/D
                            (rising edge-triggered cell FDCE clocked by sys_clk_pin  {rise@0.000ns fall@5.000ns period=10.000ns})
  Path Group:             sys_clk_pin
  Path Type:              Hold (Min at Fast Process Corner)
  Requirement:            0.000ns  (sys_clk_pin rise@0.000ns - sys_clk_pin rise@0.000ns)
  Data Path Delay:        0.384ns  (logic 0.209ns (54.393%)  route 0.175ns (45.607%))
  Logic Levels:           1  (LUT1=1)
  Clock Path Skew:        0.000ns (DCD - SCD - CPR)
    Destination Clock Delay (DCD):    1.987ns
    Source Clock Delay      (SCD):    1.474ns
    Clock Pessimism Removal (CPR):    0.513ns

    Location             Delay type                Incr(ns)  Path(ns)    Netlist Resource(s)
  -------------------------------------------------------------------    -------------------
                         (clock sys_clk_pin rise edge)
                                                      0.000     0.000 r  
    W5                                                0.000     0.000 r  Clk100 (IN)
                         net (fo=0)                   0.000     0.000    Clk100
    W5                   IBUF (Prop_ibuf_I_O)         0.226     0.226 r  Clk100_IBUF_inst/O
                         net (fo=1, routed)           0.631     0.858    Clk100_IBUF
    BUFGCTRL_X0Y0        BUFG (Prop_bufg_I_O)         0.026     0.884 r  Clk100_IBUF_BUFG_inst/O
                         net (fo=28, routed)          0.591     1.474    Diviseur/CLK
    SLICE_X2Y34          FDCE                                         r  Diviseur/state_reg[0]/C
  -------------------------------------------------------------------    -------------------
    SLICE_X2Y34          FDCE (Prop_fdce_C_Q)         0.164     1.638 f  Diviseur/state_reg[0]/Q
                         net (fo=2, routed)           0.175     1.813    Diviseur/state_reg_n_0_[0]
    SLICE_X2Y34          LUT1 (Prop_lut1_I0_O)        0.045     1.858 r  Diviseur/state[0]_i_1/O
                         net (fo=1, routed)           0.000     1.858    Diviseur/plusOp[0]
    SLICE_X2Y34          FDCE                                         r  Diviseur/state_reg[0]/D
  -------------------------------------------------------------------    -------------------

                         (clock sys_clk_pin rise edge)
                                                      0.000     0.000 r  
    W5                                                0.000     0.000 r  Clk100 (IN)
                         net (fo=0)                   0.000     0.000    Clk100
    W5                   IBUF (Prop_ibuf_I_O)         0.414     0.414 r  Clk100_IBUF_inst/O
                         net (fo=1, routed)           0.685     1.099    Clk100_IBUF
    BUFGCTRL_X0Y0        BUFG (Prop_bufg_I_O)         0.029     1.128 r  Clk100_IBUF_BUFG_inst/O
                         net (fo=28, routed)          0.860     1.987    Diviseur/CLK
    SLICE_X2Y34          FDCE                                         r  Diviseur/state_reg[0]/C
                         clock pessimism             -0.513     1.474    
    SLICE_X2Y34          FDCE (Hold_fdce_C_D)         0.120     1.594    Diviseur/state_reg[0]
  -------------------------------------------------------------------
                         required time                         -1.594    
                         arrival time                           1.858    
  -------------------------------------------------------------------
                         slack                                  0.264    

Slack (MET) :             0.275ns  (arrival time - required time)
  Source:                 Moving_colors/mondiv/counter_reg[0]/C
                            (rising edge-triggered cell FDCE clocked by sys_clk_pin  {rise@0.000ns fall@5.000ns period=10.000ns})
  Destination:            Moving_colors/mondiv/counter_reg[0]/D
                            (rising edge-triggered cell FDCE clocked by sys_clk_pin  {rise@0.000ns fall@5.000ns period=10.000ns})
  Path Group:             sys_clk_pin
  Path Type:              Hold (Min at Fast Process Corner)
  Requirement:            0.000ns  (sys_clk_pin rise@0.000ns - sys_clk_pin rise@0.000ns)
  Data Path Delay:        0.366ns  (logic 0.186ns (50.759%)  route 0.180ns (49.241%))
  Logic Levels:           1  (LUT1=1)
  Clock Path Skew:        0.000ns (DCD - SCD - CPR)
    Destination Clock Delay (DCD):    1.983ns
    Source Clock Delay      (SCD):    1.470ns
    Clock Pessimism Removal (CPR):    0.513ns

    Location             Delay type                Incr(ns)  Path(ns)    Netlist Resource(s)
  -------------------------------------------------------------------    -------------------
                         (clock sys_clk_pin rise edge)
                                                      0.000     0.000 r  
    W5                                                0.000     0.000 r  Clk100 (IN)
                         net (fo=0)                   0.000     0.000    Clk100
    W5                   IBUF (Prop_ibuf_I_O)         0.226     0.226 r  Clk100_IBUF_inst/O
                         net (fo=1, routed)           0.631     0.858    Clk100_IBUF
    BUFGCTRL_X0Y0        BUFG (Prop_bufg_I_O)         0.026     0.884 r  Clk100_IBUF_BUFG_inst/O
                         net (fo=28, routed)          0.587     1.470    Moving_colors/mondiv/counter_reg[21]_0
    SLICE_X7Y32          FDCE                                         r  Moving_colors/mondiv/counter_reg[0]/C
  -------------------------------------------------------------------    -------------------
    SLICE_X7Y32          FDCE (Prop_fdce_C_Q)         0.141     1.611 f  Moving_colors/mondiv/counter_reg[0]/Q
                         net (fo=3, routed)           0.180     1.792    Moving_colors/mondiv/counter[0]
    SLICE_X7Y32          LUT1 (Prop_lut1_I0_O)        0.045     1.837 r  Moving_colors/mondiv/counter[0]_i_1/O
                         net (fo=1, routed)           0.000     1.837    Moving_colors/mondiv/counter_0[0]
    SLICE_X7Y32          FDCE                                         r  Moving_colors/mondiv/counter_reg[0]/D
  -------------------------------------------------------------------    -------------------

                         (clock sys_clk_pin rise edge)
                                                      0.000     0.000 r  
    W5                                                0.000     0.000 r  Clk100 (IN)
                         net (fo=0)                   0.000     0.000    Clk100
    W5                   IBUF (Prop_ibuf_I_O)         0.414     0.414 r  Clk100_IBUF_inst/O
                         net (fo=1, routed)           0.685     1.099    Clk100_IBUF
    BUFGCTRL_X0Y0        BUFG (Prop_bufg_I_O)         0.029     1.128 r  Clk100_IBUF_BUFG_inst/O
                         net (fo=28, routed)          0.856     1.983    Moving_colors/mondiv/counter_reg[21]_0
    SLICE_X7Y32          FDCE                                         r  Moving_colors/mondiv/counter_reg[0]/C
                         clock pessimism             -0.513     1.470    
    SLICE_X7Y32          FDCE (Hold_fdce_C_D)         0.091     1.561    Moving_colors/mondiv/counter_reg[0]
  -------------------------------------------------------------------
                         required time                         -1.561    
                         arrival time                           1.837    
  -------------------------------------------------------------------
                         slack                                  0.275    

Slack (MET) :             0.329ns  (arrival time - required time)
  Source:                 Moving_colors/mondiv/counter_reg[9]/C
                            (rising edge-triggered cell FDCE clocked by sys_clk_pin  {rise@0.000ns fall@5.000ns period=10.000ns})
  Destination:            Moving_colors/mondiv/counter_reg[7]/D
                            (rising edge-triggered cell FDCE clocked by sys_clk_pin  {rise@0.000ns fall@5.000ns period=10.000ns})
  Path Group:             sys_clk_pin
  Path Type:              Hold (Min at Fast Process Corner)
  Requirement:            0.000ns  (sys_clk_pin rise@0.000ns - sys_clk_pin rise@0.000ns)
  Data Path Delay:        0.434ns  (logic 0.231ns (53.252%)  route 0.203ns (46.748%))
  Logic Levels:           2  (LUT4=1 LUT6=1)
  Clock Path Skew:        0.013ns (DCD - SCD - CPR)
    Destination Clock Delay (DCD):    1.983ns
    Source Clock Delay      (SCD):    1.471ns
    Clock Pessimism Removal (CPR):    0.499ns

    Location             Delay type                Incr(ns)  Path(ns)    Netlist Resource(s)
  -------------------------------------------------------------------    -------------------
                         (clock sys_clk_pin rise edge)
                                                      0.000     0.000 r  
    W5                                                0.000     0.000 r  Clk100 (IN)
                         net (fo=0)                   0.000     0.000    Clk100
    W5                   IBUF (Prop_ibuf_I_O)         0.226     0.226 r  Clk100_IBUF_inst/O
                         net (fo=1, routed)           0.631     0.858    Clk100_IBUF
    BUFGCTRL_X0Y0        BUFG (Prop_bufg_I_O)         0.026     0.884 r  Clk100_IBUF_BUFG_inst/O
                         net (fo=28, routed)          0.588     1.471    Moving_colors/mondiv/counter_reg[21]_0
    SLICE_X5Y33          FDCE                                         r  Moving_colors/mondiv/counter_reg[9]/C
  -------------------------------------------------------------------    -------------------
    SLICE_X5Y33          FDCE (Prop_fdce_C_Q)         0.141     1.612 r  Moving_colors/mondiv/counter_reg[9]/Q
                         net (fo=2, routed)           0.115     1.727    Moving_colors/mondiv/counter[9]
    SLICE_X5Y32          LUT4 (Prop_lut4_I3_O)        0.045     1.772 r  Moving_colors/mondiv/counter[21]_i_5/O
                         net (fo=22, routed)          0.087     1.860    Moving_colors/mondiv/counter[21]_i_5_n_0
    SLICE_X5Y32          LUT6 (Prop_lut6_I3_O)        0.045     1.905 r  Moving_colors/mondiv/counter[7]_i_1/O
                         net (fo=1, routed)           0.000     1.905    Moving_colors/mondiv/counter_0[7]
    SLICE_X5Y32          FDCE                                         r  Moving_colors/mondiv/counter_reg[7]/D
  -------------------------------------------------------------------    -------------------

                         (clock sys_clk_pin rise edge)
                                                      0.000     0.000 r  
    W5                                                0.000     0.000 r  Clk100 (IN)
                         net (fo=0)                   0.000     0.000    Clk100
    W5                   IBUF (Prop_ibuf_I_O)         0.414     0.414 r  Clk100_IBUF_inst/O
                         net (fo=1, routed)           0.685     1.099    Clk100_IBUF
    BUFGCTRL_X0Y0        BUFG (Prop_bufg_I_O)         0.029     1.128 r  Clk100_IBUF_BUFG_inst/O
                         net (fo=28, routed)          0.856     1.983    Moving_colors/mondiv/counter_reg[21]_0
    SLICE_X5Y32          FDCE                                         r  Moving_colors/mondiv/counter_reg[7]/C
                         clock pessimism             -0.499     1.484    
    SLICE_X5Y32          FDCE (Hold_fdce_C_D)         0.092     1.576    Moving_colors/mondiv/counter_reg[7]
  -------------------------------------------------------------------
                         required time                         -1.576    
                         arrival time                           1.905    
  -------------------------------------------------------------------
                         slack                                  0.329    

Slack (MET) :             0.368ns  (arrival time - required time)
  Source:                 Moving_colors/FSM_onehot_EP_reg[2]/C
                            (rising edge-triggered cell FDCE clocked by sys_clk_pin  {rise@0.000ns fall@5.000ns period=10.000ns})
  Destination:            Moving_colors/FSM_onehot_EP_reg[2]/D
                            (rising edge-triggered cell FDCE clocked by sys_clk_pin  {rise@0.000ns fall@5.000ns period=10.000ns})
  Path Group:             sys_clk_pin
  Path Type:              Hold (Min at Fast Process Corner)
  Requirement:            0.000ns  (sys_clk_pin rise@0.000ns - sys_clk_pin rise@0.000ns)
  Data Path Delay:        0.489ns  (logic 0.209ns (42.772%)  route 0.280ns (57.228%))
  Logic Levels:           1  (LUT5=1)
  Clock Path Skew:        0.000ns (DCD - SCD - CPR)
    Destination Clock Delay (DCD):    1.987ns
    Source Clock Delay      (SCD):    1.474ns
    Clock Pessimism Removal (CPR):    0.513ns

    Location             Delay type                Incr(ns)  Path(ns)    Netlist Resource(s)
  -------------------------------------------------------------------    -------------------
                         (clock sys_clk_pin rise edge)
                                                      0.000     0.000 r  
    W5                                                0.000     0.000 r  Clk100 (IN)
                         net (fo=0)                   0.000     0.000    Clk100
    W5                   IBUF (Prop_ibuf_I_O)         0.226     0.226 r  Clk100_IBUF_inst/O
                         net (fo=1, routed)           0.631     0.858    Clk100_IBUF
    BUFGCTRL_X0Y0        BUFG (Prop_bufg_I_O)         0.026     0.884 r  Clk100_IBUF_BUFG_inst/O
                         net (fo=28, routed)          0.591     1.474    Moving_colors/CLK
    SLICE_X2Y34          FDCE                                         r  Moving_colors/FSM_onehot_EP_reg[2]/C
  -------------------------------------------------------------------    -------------------
    SLICE_X2Y34          FDCE (Prop_fdce_C_Q)         0.164     1.638 r  Moving_colors/FSM_onehot_EP_reg[2]/Q
                         net (fo=15, routed)          0.280     1.918    Moving_colors/FSM_onehot_EP_reg_n_0_[2]
    SLICE_X2Y34          LUT5 (Prop_lut5_I4_O)        0.045     1.963 r  Moving_colors/FSM_onehot_EP[2]_i_1/O
                         net (fo=1, routed)           0.000     1.963    Moving_colors/FSM_onehot_EP[2]_i_1_n_0
    SLICE_X2Y34          FDCE                                         r  Moving_colors/FSM_onehot_EP_reg[2]/D
  -------------------------------------------------------------------    -------------------

                         (clock sys_clk_pin rise edge)
                                                      0.000     0.000 r  
    W5                                                0.000     0.000 r  Clk100 (IN)
                         net (fo=0)                   0.000     0.000    Clk100
    W5                   IBUF (Prop_ibuf_I_O)         0.414     0.414 r  Clk100_IBUF_inst/O
                         net (fo=1, routed)           0.685     1.099    Clk100_IBUF
    BUFGCTRL_X0Y0        BUFG (Prop_bufg_I_O)         0.029     1.128 r  Clk100_IBUF_BUFG_inst/O
                         net (fo=28, routed)          0.860     1.987    Moving_colors/CLK
    SLICE_X2Y34          FDCE                                         r  Moving_colors/FSM_onehot_EP_reg[2]/C
                         clock pessimism             -0.513     1.474    
    SLICE_X2Y34          FDCE (Hold_fdce_C_D)         0.121     1.595    Moving_colors/FSM_onehot_EP_reg[2]
  -------------------------------------------------------------------
                         required time                         -1.595    
                         arrival time                           1.963    
  -------------------------------------------------------------------
                         slack                                  0.368    

Slack (MET) :             0.380ns  (arrival time - required time)
  Source:                 Moving_colors/mondiv/counter_reg[12]/C
                            (rising edge-triggered cell FDCE clocked by sys_clk_pin  {rise@0.000ns fall@5.000ns period=10.000ns})
  Destination:            Moving_colors/mondiv/counter_reg[12]/D
                            (rising edge-triggered cell FDCE clocked by sys_clk_pin  {rise@0.000ns fall@5.000ns period=10.000ns})
  Path Group:             sys_clk_pin
  Path Type:              Hold (Min at Fast Process Corner)
  Requirement:            0.000ns  (sys_clk_pin rise@0.000ns - sys_clk_pin rise@0.000ns)
  Data Path Delay:        0.472ns  (logic 0.231ns (48.892%)  route 0.241ns (51.108%))
  Logic Levels:           2  (LUT4=1 LUT6=1)
  Clock Path Skew:        0.000ns (DCD - SCD - CPR)
    Destination Clock Delay (DCD):    1.984ns
    Source Clock Delay      (SCD):    1.471ns
    Clock Pessimism Removal (CPR):    0.513ns

    Location             Delay type                Incr(ns)  Path(ns)    Netlist Resource(s)
  -------------------------------------------------------------------    -------------------
                         (clock sys_clk_pin rise edge)
                                                      0.000     0.000 r  
    W5                                                0.000     0.000 r  Clk100 (IN)
                         net (fo=0)                   0.000     0.000    Clk100
    W5                   IBUF (Prop_ibuf_I_O)         0.226     0.226 r  Clk100_IBUF_inst/O
                         net (fo=1, routed)           0.631     0.858    Clk100_IBUF
    BUFGCTRL_X0Y0        BUFG (Prop_bufg_I_O)         0.026     0.884 r  Clk100_IBUF_BUFG_inst/O
                         net (fo=28, routed)          0.588     1.471    Moving_colors/mondiv/counter_reg[21]_0
    SLICE_X7Y33          FDCE                                         r  Moving_colors/mondiv/counter_reg[12]/C
  -------------------------------------------------------------------    -------------------
    SLICE_X7Y33          FDCE (Prop_fdce_C_Q)         0.141     1.612 r  Moving_colors/mondiv/counter_reg[12]/Q
                         net (fo=2, routed)           0.125     1.737    Moving_colors/mondiv/counter[12]
    SLICE_X7Y33          LUT4 (Prop_lut4_I3_O)        0.045     1.782 r  Moving_colors/mondiv/counter[21]_i_3/O
                         net (fo=22, routed)          0.117     1.899    Moving_colors/mondiv/counter[21]_i_3_n_0
    SLICE_X7Y33          LUT6 (Prop_lut6_I1_O)        0.045     1.944 r  Moving_colors/mondiv/counter[12]_i_1/O
                         net (fo=1, routed)           0.000     1.944    Moving_colors/mondiv/counter_0[12]
    SLICE_X7Y33          FDCE                                         r  Moving_colors/mondiv/counter_reg[12]/D
  -------------------------------------------------------------------    -------------------

                         (clock sys_clk_pin rise edge)
                                                      0.000     0.000 r  
    W5                                                0.000     0.000 r  Clk100 (IN)
                         net (fo=0)                   0.000     0.000    Clk100
    W5                   IBUF (Prop_ibuf_I_O)         0.414     0.414 r  Clk100_IBUF_inst/O
                         net (fo=1, routed)           0.685     1.099    Clk100_IBUF
    BUFGCTRL_X0Y0        BUFG (Prop_bufg_I_O)         0.029     1.128 r  Clk100_IBUF_BUFG_inst/O
                         net (fo=28, routed)          0.857     1.984    Moving_colors/mondiv/counter_reg[21]_0
    SLICE_X7Y33          FDCE                                         r  Moving_colors/mondiv/counter_reg[12]/C
                         clock pessimism             -0.513     1.471    
    SLICE_X7Y33          FDCE (Hold_fdce_C_D)         0.092     1.563    Moving_colors/mondiv/counter_reg[12]
  -------------------------------------------------------------------
                         required time                         -1.563    
                         arrival time                           1.944    
  -------------------------------------------------------------------
                         slack                                  0.380    

Slack (MET) :             0.390ns  (arrival time - required time)
  Source:                 Moving_colors/mondiv/counter_reg[12]/C
                            (rising edge-triggered cell FDCE clocked by sys_clk_pin  {rise@0.000ns fall@5.000ns period=10.000ns})
  Destination:            Moving_colors/mondiv/counter_reg[13]/D
                            (rising edge-triggered cell FDCE clocked by sys_clk_pin  {rise@0.000ns fall@5.000ns period=10.000ns})
  Path Group:             sys_clk_pin
  Path Type:              Hold (Min at Fast Process Corner)
  Requirement:            0.000ns  (sys_clk_pin rise@0.000ns - sys_clk_pin rise@0.000ns)
  Data Path Delay:        0.496ns  (logic 0.231ns (46.596%)  route 0.265ns (53.404%))
  Logic Levels:           2  (LUT4=1 LUT6=1)
  Clock Path Skew:        0.015ns (DCD - SCD - CPR)
    Destination Clock Delay (DCD):    1.985ns
    Source Clock Delay      (SCD):    1.471ns
    Clock Pessimism Removal (CPR):    0.499ns

    Location             Delay type                Incr(ns)  Path(ns)    Netlist Resource(s)
  -------------------------------------------------------------------    -------------------
                         (clock sys_clk_pin rise edge)
                                                      0.000     0.000 r  
    W5                                                0.000     0.000 r  Clk100 (IN)
                         net (fo=0)                   0.000     0.000    Clk100
    W5                   IBUF (Prop_ibuf_I_O)         0.226     0.226 r  Clk100_IBUF_inst/O
                         net (fo=1, routed)           0.631     0.858    Clk100_IBUF
    BUFGCTRL_X0Y0        BUFG (Prop_bufg_I_O)         0.026     0.884 r  Clk100_IBUF_BUFG_inst/O
                         net (fo=28, routed)          0.588     1.471    Moving_colors/mondiv/counter_reg[21]_0
    SLICE_X7Y33          FDCE                                         r  Moving_colors/mondiv/counter_reg[12]/C
  -------------------------------------------------------------------    -------------------
    SLICE_X7Y33          FDCE (Prop_fdce_C_Q)         0.141     1.612 r  Moving_colors/mondiv/counter_reg[12]/Q
                         net (fo=2, routed)           0.125     1.737    Moving_colors/mondiv/counter[12]
    SLICE_X7Y33          LUT4 (Prop_lut4_I3_O)        0.045     1.782 r  Moving_colors/mondiv/counter[21]_i_3/O
                         net (fo=22, routed)          0.140     1.922    Moving_colors/mondiv/counter[21]_i_3_n_0
    SLICE_X5Y34          LUT6 (Prop_lut6_I1_O)        0.045     1.967 r  Moving_colors/mondiv/counter[13]_i_1/O
                         net (fo=1, routed)           0.000     1.967    Moving_colors/mondiv/counter_0[13]
    SLICE_X5Y34          FDCE                                         r  Moving_colors/mondiv/counter_reg[13]/D
  -------------------------------------------------------------------    -------------------

                         (clock sys_clk_pin rise edge)
                                                      0.000     0.000 r  
    W5                                                0.000     0.000 r  Clk100 (IN)
                         net (fo=0)                   0.000     0.000    Clk100
    W5                   IBUF (Prop_ibuf_I_O)         0.414     0.414 r  Clk100_IBUF_inst/O
                         net (fo=1, routed)           0.685     1.099    Clk100_IBUF
    BUFGCTRL_X0Y0        BUFG (Prop_bufg_I_O)         0.029     1.128 r  Clk100_IBUF_BUFG_inst/O
                         net (fo=28, routed)          0.858     1.985    Moving_colors/mondiv/counter_reg[21]_0
    SLICE_X5Y34          FDCE                                         r  Moving_colors/mondiv/counter_reg[13]/C
                         clock pessimism             -0.499     1.486    
    SLICE_X5Y34          FDCE (Hold_fdce_C_D)         0.091     1.577    Moving_colors/mondiv/counter_reg[13]
  -------------------------------------------------------------------
                         required time                         -1.577    
                         arrival time                           1.967    
  -------------------------------------------------------------------
                         slack                                  0.390    

Slack (MET) :             0.391ns  (arrival time - required time)
  Source:                 Moving_colors/FSM_onehot_EP_reg[0]/C
                            (rising edge-triggered cell FDPE clocked by sys_clk_pin  {rise@0.000ns fall@5.000ns period=10.000ns})
  Destination:            Moving_colors/FSM_onehot_EP_reg[0]/D
                            (rising edge-triggered cell FDPE clocked by sys_clk_pin  {rise@0.000ns fall@5.000ns period=10.000ns})
  Path Group:             sys_clk_pin
  Path Type:              Hold (Min at Fast Process Corner)
  Requirement:            0.000ns  (sys_clk_pin rise@0.000ns - sys_clk_pin rise@0.000ns)
  Data Path Delay:        0.512ns  (logic 0.209ns (40.819%)  route 0.303ns (59.181%))
  Logic Levels:           1  (LUT5=1)
  Clock Path Skew:        0.000ns (DCD - SCD - CPR)
    Destination Clock Delay (DCD):    1.987ns
    Source Clock Delay      (SCD):    1.474ns
    Clock Pessimism Removal (CPR):    0.513ns

    Location             Delay type                Incr(ns)  Path(ns)    Netlist Resource(s)
  -------------------------------------------------------------------    -------------------
                         (clock sys_clk_pin rise edge)
                                                      0.000     0.000 r  
    W5                                                0.000     0.000 r  Clk100 (IN)
                         net (fo=0)                   0.000     0.000    Clk100
    W5                   IBUF (Prop_ibuf_I_O)         0.226     0.226 r  Clk100_IBUF_inst/O
                         net (fo=1, routed)           0.631     0.858    Clk100_IBUF
    BUFGCTRL_X0Y0        BUFG (Prop_bufg_I_O)         0.026     0.884 r  Clk100_IBUF_BUFG_inst/O
                         net (fo=28, routed)          0.591     1.474    Moving_colors/CLK
    SLICE_X2Y34          FDPE                                         r  Moving_colors/FSM_onehot_EP_reg[0]/C
  -------------------------------------------------------------------    -------------------
    SLICE_X2Y34          FDPE (Prop_fdpe_C_Q)         0.164     1.638 r  Moving_colors/FSM_onehot_EP_reg[0]/Q
                         net (fo=15, routed)          0.303     1.941    Moving_colors/FSM_onehot_EP_reg_n_0_[0]
    SLICE_X2Y34          LUT5 (Prop_lut5_I4_O)        0.045     1.986 r  Moving_colors/FSM_onehot_EP[0]_i_1/O
                         net (fo=1, routed)           0.000     1.986    Moving_colors/FSM_onehot_EP[0]_i_1_n_0
    SLICE_X2Y34          FDPE                                         r  Moving_colors/FSM_onehot_EP_reg[0]/D
  -------------------------------------------------------------------    -------------------

                         (clock sys_clk_pin rise edge)
                                                      0.000     0.000 r  
    W5                                                0.000     0.000 r  Clk100 (IN)
                         net (fo=0)                   0.000     0.000    Clk100
    W5                   IBUF (Prop_ibuf_I_O)         0.414     0.414 r  Clk100_IBUF_inst/O
                         net (fo=1, routed)           0.685     1.099    Clk100_IBUF
    BUFGCTRL_X0Y0        BUFG (Prop_bufg_I_O)         0.029     1.128 r  Clk100_IBUF_BUFG_inst/O
                         net (fo=28, routed)          0.860     1.987    Moving_colors/CLK
    SLICE_X2Y34          FDPE                                         r  Moving_colors/FSM_onehot_EP_reg[0]/C
                         clock pessimism             -0.513     1.474    
    SLICE_X2Y34          FDPE (Hold_fdpe_C_D)         0.121     1.595    Moving_colors/FSM_onehot_EP_reg[0]
  -------------------------------------------------------------------
                         required time                         -1.595    
                         arrival time                           1.986    
  -------------------------------------------------------------------
                         slack                                  0.391    

Slack (MET) :             0.391ns  (arrival time - required time)
  Source:                 Moving_colors/mondiv/counter_reg[9]/C
                            (rising edge-triggered cell FDCE clocked by sys_clk_pin  {rise@0.000ns fall@5.000ns period=10.000ns})
  Destination:            Moving_colors/mondiv/counter_reg[3]/D
                            (rising edge-triggered cell FDCE clocked by sys_clk_pin  {rise@0.000ns fall@5.000ns period=10.000ns})
  Path Group:             sys_clk_pin
  Path Type:              Hold (Min at Fast Process Corner)
  Requirement:            0.000ns  (sys_clk_pin rise@0.000ns - sys_clk_pin rise@0.000ns)
  Data Path Delay:        0.495ns  (logic 0.231ns (46.626%)  route 0.264ns (53.374%))
  Logic Levels:           2  (LUT4=1 LUT6=1)
  Clock Path Skew:        0.012ns (DCD - SCD - CPR)
    Destination Clock Delay (DCD):    1.982ns
    Source Clock Delay      (SCD):    1.471ns
    Clock Pessimism Removal (CPR):    0.499ns

    Location             Delay type                Incr(ns)  Path(ns)    Netlist Resource(s)
  -------------------------------------------------------------------    -------------------
                         (clock sys_clk_pin rise edge)
                                                      0.000     0.000 r  
    W5                                                0.000     0.000 r  Clk100 (IN)
                         net (fo=0)                   0.000     0.000    Clk100
    W5                   IBUF (Prop_ibuf_I_O)         0.226     0.226 r  Clk100_IBUF_inst/O
                         net (fo=1, routed)           0.631     0.858    Clk100_IBUF
    BUFGCTRL_X0Y0        BUFG (Prop_bufg_I_O)         0.026     0.884 r  Clk100_IBUF_BUFG_inst/O
                         net (fo=28, routed)          0.588     1.471    Moving_colors/mondiv/counter_reg[21]_0
    SLICE_X5Y33          FDCE                                         r  Moving_colors/mondiv/counter_reg[9]/C
  -------------------------------------------------------------------    -------------------
    SLICE_X5Y33          FDCE (Prop_fdce_C_Q)         0.141     1.612 r  Moving_colors/mondiv/counter_reg[9]/Q
                         net (fo=2, routed)           0.115     1.727    Moving_colors/mondiv/counter[9]
    SLICE_X5Y32          LUT4 (Prop_lut4_I3_O)        0.045     1.772 r  Moving_colors/mondiv/counter[21]_i_5/O
                         net (fo=22, routed)          0.149     1.922    Moving_colors/mondiv/counter[21]_i_5_n_0
    SLICE_X7Y31          LUT6 (Prop_lut6_I3_O)        0.045     1.967 r  Moving_colors/mondiv/counter[3]_i_1/O
                         net (fo=1, routed)           0.000     1.967    Moving_colors/mondiv/counter_0[3]
    SLICE_X7Y31          FDCE                                         r  Moving_colors/mondiv/counter_reg[3]/D
  -------------------------------------------------------------------    -------------------

                         (clock sys_clk_pin rise edge)
                                                      0.000     0.000 r  
    W5                                                0.000     0.000 r  Clk100 (IN)
                         net (fo=0)                   0.000     0.000    Clk100
    W5                   IBUF (Prop_ibuf_I_O)         0.414     0.414 r  Clk100_IBUF_inst/O
                         net (fo=1, routed)           0.685     1.099    Clk100_IBUF
    BUFGCTRL_X0Y0        BUFG (Prop_bufg_I_O)         0.029     1.128 r  Clk100_IBUF_BUFG_inst/O
                         net (fo=28, routed)          0.855     1.982    Moving_colors/mondiv/counter_reg[21]_0
    SLICE_X7Y31          FDCE                                         r  Moving_colors/mondiv/counter_reg[3]/C
                         clock pessimism             -0.499     1.483    
    SLICE_X7Y31          FDCE (Hold_fdce_C_D)         0.092     1.575    Moving_colors/mondiv/counter_reg[3]
  -------------------------------------------------------------------
                         required time                         -1.575    
                         arrival time                           1.967    
  -------------------------------------------------------------------
                         slack                                  0.391    





Pulse Width Checks
--------------------------------------------------------------------------------------
Clock Name:         sys_clk_pin
Waveform(ns):       { 0.000 5.000 }
Period(ns):         10.000
Sources:            { Clk100 }

Check Type        Corner  Lib Pin  Reference Pin  Required(ns)  Actual(ns)  Slack(ns)  Location       Pin
Min Period        n/a     BUFG/I   n/a            2.155         10.000      7.845      BUFGCTRL_X0Y0  Clk100_IBUF_BUFG_inst/I
Min Period        n/a     FDRE/C   n/a            1.000         10.000      9.000      SLICE_X2Y33    Diviseur/clk_sortie_reg/C
Min Period        n/a     FDCE/C   n/a            1.000         10.000      9.000      SLICE_X2Y34    Diviseur/state_reg[0]/C
Min Period        n/a     FDPE/C   n/a            1.000         10.000      9.000      SLICE_X2Y34    Moving_colors/FSM_onehot_EP_reg[0]/C
Min Period        n/a     FDCE/C   n/a            1.000         10.000      9.000      SLICE_X2Y34    Moving_colors/FSM_onehot_EP_reg[1]/C
Min Period        n/a     FDCE/C   n/a            1.000         10.000      9.000      SLICE_X2Y34    Moving_colors/FSM_onehot_EP_reg[2]/C
Min Period        n/a     FDCE/C   n/a            1.000         10.000      9.000      SLICE_X5Y33    Moving_colors/mondiv/clk_temp_reg/C
Min Period        n/a     FDCE/C   n/a            1.000         10.000      9.000      SLICE_X7Y32    Moving_colors/mondiv/counter_reg[0]/C
Min Period        n/a     FDCE/C   n/a            1.000         10.000      9.000      SLICE_X7Y33    Moving_colors/mondiv/counter_reg[10]/C
Min Period        n/a     FDCE/C   n/a            1.000         10.000      9.000      SLICE_X7Y33    Moving_colors/mondiv/counter_reg[11]/C
Low Pulse Width   Fast    FDRE/C   n/a            0.500         5.000       4.500      SLICE_X2Y33    Diviseur/clk_sortie_reg/C
Low Pulse Width   Fast    FDCE/C   n/a            0.500         5.000       4.500      SLICE_X2Y34    Diviseur/state_reg[0]/C
Low Pulse Width   Fast    FDPE/C   n/a            0.500         5.000       4.500      SLICE_X2Y34    Moving_colors/FSM_onehot_EP_reg[0]/C
Low Pulse Width   Fast    FDCE/C   n/a            0.500         5.000       4.500      SLICE_X2Y34    Moving_colors/FSM_onehot_EP_reg[1]/C
Low Pulse Width   Fast    FDCE/C   n/a            0.500         5.000       4.500      SLICE_X2Y34    Moving_colors/FSM_onehot_EP_reg[2]/C
Low Pulse Width   Slow    FDCE/C   n/a            0.500         5.000       4.500      SLICE_X5Y33    Moving_colors/mondiv/clk_temp_reg/C
Low Pulse Width   Slow    FDCE/C   n/a            0.500         5.000       4.500      SLICE_X7Y32    Moving_colors/mondiv/counter_reg[0]/C
Low Pulse Width   Slow    FDCE/C   n/a            0.500         5.000       4.500      SLICE_X7Y33    Moving_colors/mondiv/counter_reg[10]/C
Low Pulse Width   Slow    FDCE/C   n/a            0.500         5.000       4.500      SLICE_X7Y33    Moving_colors/mondiv/counter_reg[11]/C
Low Pulse Width   Slow    FDCE/C   n/a            0.500         5.000       4.500      SLICE_X7Y33    Moving_colors/mondiv/counter_reg[12]/C
High Pulse Width  Slow    FDRE/C   n/a            0.500         5.000       4.500      SLICE_X2Y33    Diviseur/clk_sortie_reg/C
High Pulse Width  Fast    FDRE/C   n/a            0.500         5.000       4.500      SLICE_X2Y33    Diviseur/clk_sortie_reg/C
High Pulse Width  Slow    FDCE/C   n/a            0.500         5.000       4.500      SLICE_X2Y34    Diviseur/state_reg[0]/C
High Pulse Width  Slow    FDPE/C   n/a            0.500         5.000       4.500      SLICE_X2Y34    Moving_colors/FSM_onehot_EP_reg[0]/C
High Pulse Width  Slow    FDCE/C   n/a            0.500         5.000       4.500      SLICE_X2Y34    Moving_colors/FSM_onehot_EP_reg[1]/C
High Pulse Width  Slow    FDCE/C   n/a            0.500         5.000       4.500      SLICE_X2Y34    Moving_colors/FSM_onehot_EP_reg[2]/C
High Pulse Width  Fast    FDCE/C   n/a            0.500         5.000       4.500      SLICE_X5Y34    Moving_colors/mondiv/counter_reg[13]/C
High Pulse Width  Fast    FDCE/C   n/a            0.500         5.000       4.500      SLICE_X7Y34    Moving_colors/mondiv/counter_reg[14]/C
High Pulse Width  Fast    FDCE/C   n/a            0.500         5.000       4.500      SLICE_X7Y34    Moving_colors/mondiv/counter_reg[15]/C
High Pulse Width  Fast    FDCE/C   n/a            0.500         5.000       4.500      SLICE_X7Y34    Moving_colors/mondiv/counter_reg[16]/C



